"label","time.group","file.name","strain","rat.id","recording","time.count","tot.count.in.time","percent"
"flat","1","T0000100","SD","SD22","MA",95,125,0.76
"flat-mz","1","T0000100","SD","SD22","MA",1,125,0.008
"flat-z","1","T0000100","SD","SD22","MA",3,125,0.024
"short","1","T0000100","SD","SD22","MA",18,125,0.144
"short-ur","1","T0000100","SD","SD22","MA",6,125,0.048
"step down","1","T0000100","SD","SD22","MA",1,125,0.008
"step up","1","T0000100","SD","SD22","MA",0,125,0
"complex","1","T0000100","SD","SD22","MA",0,125,0
"short-c","1","T0000100","SD","SD22","MA",0,125,0
"short-dr","1","T0000100","SD","SD22","MA",0,125,0
"short-su","1","T0000100","SD","SD22","MA",0,125,0
"upward ramp","1","T0000100","SD","SD22","MA",0,125,0
"unclear","1","T0000100","SD","SD22","MA",1,125,0.008
"flat","2","T0000100","SD","SD22","MA",25,31,0.806451612903226
"flat-mz","2","T0000100","SD","SD22","MA",1,31,0.032258064516129
"flat-z","2","T0000100","SD","SD22","MA",3,31,0.0967741935483871
"short","2","T0000100","SD","SD22","MA",0,31,0
"short-ur","2","T0000100","SD","SD22","MA",2,31,0.0645161290322581
"step down","2","T0000100","SD","SD22","MA",0,31,0
"step up","2","T0000100","SD","SD22","MA",0,31,0
"complex","2","T0000100","SD","SD22","MA",0,31,0
"short-c","2","T0000100","SD","SD22","MA",0,31,0
"short-dr","2","T0000100","SD","SD22","MA",0,31,0
"short-su","2","T0000100","SD","SD22","MA",0,31,0
"upward ramp","2","T0000100","SD","SD22","MA",0,31,0
"unclear","2","T0000100","SD","SD22","MA",0,31,0
"flat","3","T0000100","SD","SD22","MA",3,11,0.272727272727273
"flat-mz","3","T0000100","SD","SD22","MA",0,11,0
"flat-z","3","T0000100","SD","SD22","MA",1,11,0.0909090909090909
"short","3","T0000100","SD","SD22","MA",5,11,0.454545454545455
"short-ur","3","T0000100","SD","SD22","MA",2,11,0.181818181818182
"step down","3","T0000100","SD","SD22","MA",0,11,0
"step up","3","T0000100","SD","SD22","MA",0,11,0
"complex","3","T0000100","SD","SD22","MA",0,11,0
"short-c","3","T0000100","SD","SD22","MA",0,11,0
"short-dr","3","T0000100","SD","SD22","MA",0,11,0
"short-su","3","T0000100","SD","SD22","MA",0,11,0
"upward ramp","3","T0000100","SD","SD22","MA",0,11,0
"unclear","3","T0000100","SD","SD22","MA",0,11,0
"flat","1","T0000102","WK","WK21","MA",3,13,0.230769230769231
"flat-mz","1","T0000102","WK","WK21","MA",0,13,0
"flat-z","1","T0000102","WK","WK21","MA",0,13,0
"short","1","T0000102","WK","WK21","MA",7,13,0.538461538461538
"short-ur","1","T0000102","WK","WK21","MA",0,13,0
"step down","1","T0000102","WK","WK21","MA",0,13,0
"step up","1","T0000102","WK","WK21","MA",0,13,0
"complex","1","T0000102","WK","WK21","MA",0,13,0
"short-c","1","T0000102","WK","WK21","MA",1,13,0.0769230769230769
"short-dr","1","T0000102","WK","WK21","MA",1,13,0.0769230769230769
"short-su","1","T0000102","WK","WK21","MA",0,13,0
"upward ramp","1","T0000102","WK","WK21","MA",0,13,0
"unclear","1","T0000102","WK","WK21","MA",1,13,0.0769230769230769
"flat","2","T0000102","WK","WK21","MA",3,4,0.75
"flat-mz","2","T0000102","WK","WK21","MA",0,4,0
"flat-z","2","T0000102","WK","WK21","MA",0,4,0
"short","2","T0000102","WK","WK21","MA",0,4,0
"short-ur","2","T0000102","WK","WK21","MA",0,4,0
"step down","2","T0000102","WK","WK21","MA",0,4,0
"step up","2","T0000102","WK","WK21","MA",0,4,0
"complex","2","T0000102","WK","WK21","MA",0,4,0
"short-c","2","T0000102","WK","WK21","MA",1,4,0.25
"short-dr","2","T0000102","WK","WK21","MA",0,4,0
"short-su","2","T0000102","WK","WK21","MA",0,4,0
"upward ramp","2","T0000102","WK","WK21","MA",0,4,0
"unclear","2","T0000102","WK","WK21","MA",0,4,0
"flat","3","T0000102","WK","WK21","MA",3,7,0.428571428571429
"flat-mz","3","T0000102","WK","WK21","MA",0,7,0
"flat-z","3","T0000102","WK","WK21","MA",0,7,0
"short","3","T0000102","WK","WK21","MA",4,7,0.571428571428571
"short-ur","3","T0000102","WK","WK21","MA",0,7,0
"step down","3","T0000102","WK","WK21","MA",0,7,0
"step up","3","T0000102","WK","WK21","MA",0,7,0
"complex","3","T0000102","WK","WK21","MA",0,7,0
"short-c","3","T0000102","WK","WK21","MA",0,7,0
"short-dr","3","T0000102","WK","WK21","MA",0,7,0
"short-su","3","T0000102","WK","WK21","MA",0,7,0
"upward ramp","3","T0000102","WK","WK21","MA",0,7,0
"unclear","3","T0000102","WK","WK21","MA",0,7,0
"flat","1","T0000109","WK","WK2A3C1","MA",26,75,0.346666666666667
"flat-mz","1","T0000109","WK","WK2A3C1","MA",0,75,0
"flat-z","1","T0000109","WK","WK2A3C1","MA",0,75,0
"short","1","T0000109","WK","WK2A3C1","MA",39,75,0.52
"short-ur","1","T0000109","WK","WK2A3C1","MA",4,75,0.0533333333333333
"step down","1","T0000109","WK","WK2A3C1","MA",0,75,0
"step up","1","T0000109","WK","WK2A3C1","MA",0,75,0
"complex","1","T0000109","WK","WK2A3C1","MA",1,75,0.0133333333333333
"short-c","1","T0000109","WK","WK2A3C1","MA",5,75,0.0666666666666667
"short-dr","1","T0000109","WK","WK2A3C1","MA",0,75,0
"short-su","1","T0000109","WK","WK2A3C1","MA",0,75,0
"upward ramp","1","T0000109","WK","WK2A3C1","MA",0,75,0
"unclear","1","T0000109","WK","WK2A3C1","MA",0,75,0
"flat","2","T0000109","WK","WK2A3C1","MA",1,5,0.2
"flat-mz","2","T0000109","WK","WK2A3C1","MA",0,5,0
"flat-z","2","T0000109","WK","WK2A3C1","MA",0,5,0
"short","2","T0000109","WK","WK2A3C1","MA",3,5,0.6
"short-ur","2","T0000109","WK","WK2A3C1","MA",0,5,0
"step down","2","T0000109","WK","WK2A3C1","MA",0,5,0
"step up","2","T0000109","WK","WK2A3C1","MA",0,5,0
"complex","2","T0000109","WK","WK2A3C1","MA",0,5,0
"short-c","2","T0000109","WK","WK2A3C1","MA",0,5,0
"short-dr","2","T0000109","WK","WK2A3C1","MA",0,5,0
"short-su","2","T0000109","WK","WK2A3C1","MA",1,5,0.2
"upward ramp","2","T0000109","WK","WK2A3C1","MA",0,5,0
"unclear","2","T0000109","WK","WK2A3C1","MA",0,5,0
"flat","3","T0000109","WK","WK2A3C1","MA",30,78,0.384615384615385
"flat-mz","3","T0000109","WK","WK2A3C1","MA",0,78,0
"flat-z","3","T0000109","WK","WK2A3C1","MA",0,78,0
"short","3","T0000109","WK","WK2A3C1","MA",31,78,0.397435897435897
"short-ur","3","T0000109","WK","WK2A3C1","MA",3,78,0.0384615384615385
"step down","3","T0000109","WK","WK2A3C1","MA",1,78,0.0128205128205128
"step up","3","T0000109","WK","WK2A3C1","MA",0,78,0
"complex","3","T0000109","WK","WK2A3C1","MA",2,78,0.0256410256410256
"short-c","3","T0000109","WK","WK2A3C1","MA",0,78,0
"short-dr","3","T0000109","WK","WK2A3C1","MA",1,78,0.0128205128205128
"short-su","3","T0000109","WK","WK2A3C1","MA",0,78,0
"upward ramp","3","T0000109","WK","WK2A3C1","MA",0,78,0
"unclear","3","T0000109","WK","WK2A3C1","MA",10,78,0.128205128205128
"flat","1","T0000111","SD","SD17","MA",295,356,0.828651685393258
"flat-mz","1","T0000111","SD","SD17","MA",1,356,0.00280898876404494
"flat-z","1","T0000111","SD","SD17","MA",9,356,0.0252808988764045
"short","1","T0000111","SD","SD17","MA",32,356,0.0898876404494382
"short-ur","1","T0000111","SD","SD17","MA",1,356,0.00280898876404494
"step down","1","T0000111","SD","SD17","MA",7,356,0.0196629213483146
"step up","1","T0000111","SD","SD17","MA",6,356,0.0168539325842697
"complex","1","T0000111","SD","SD17","MA",2,356,0.00561797752808989
"short-c","1","T0000111","SD","SD17","MA",1,356,0.00280898876404494
"short-dr","1","T0000111","SD","SD17","MA",1,356,0.00280898876404494
"short-su","1","T0000111","SD","SD17","MA",0,356,0
"upward ramp","1","T0000111","SD","SD17","MA",0,356,0
"unclear","1","T0000111","SD","SD17","MA",1,356,0.00280898876404494
"flat","2","T0000111","SD","SD17","MA",38,58,0.655172413793103
"flat-mz","2","T0000111","SD","SD17","MA",0,58,0
"flat-z","2","T0000111","SD","SD17","MA",0,58,0
"short","2","T0000111","SD","SD17","MA",8,58,0.137931034482759
"short-ur","2","T0000111","SD","SD17","MA",0,58,0
"step down","2","T0000111","SD","SD17","MA",7,58,0.120689655172414
"step up","2","T0000111","SD","SD17","MA",5,58,0.0862068965517241
"complex","2","T0000111","SD","SD17","MA",0,58,0
"short-c","2","T0000111","SD","SD17","MA",0,58,0
"short-dr","2","T0000111","SD","SD17","MA",0,58,0
"short-su","2","T0000111","SD","SD17","MA",0,58,0
"upward ramp","2","T0000111","SD","SD17","MA",0,58,0
"unclear","2","T0000111","SD","SD17","MA",0,58,0
"flat","3","T0000111","SD","SD17","MA",3,6,0.5
"flat-mz","3","T0000111","SD","SD17","MA",0,6,0
"flat-z","3","T0000111","SD","SD17","MA",0,6,0
"short","3","T0000111","SD","SD17","MA",0,6,0
"short-ur","3","T0000111","SD","SD17","MA",0,6,0
"step down","3","T0000111","SD","SD17","MA",0,6,0
"step up","3","T0000111","SD","SD17","MA",0,6,0
"complex","3","T0000111","SD","SD17","MA",1,6,0.166666666666667
"short-c","3","T0000111","SD","SD17","MA",0,6,0
"short-dr","3","T0000111","SD","SD17","MA",0,6,0
"short-su","3","T0000111","SD","SD17","MA",0,6,0
"upward ramp","3","T0000111","SD","SD17","MA",0,6,0
"unclear","3","T0000111","SD","SD17","MA",2,6,0.333333333333333
"flat","1","T0000138","WK","WK26","MA",0,63,0
"flat-mz","1","T0000138","WK","WK26","MA",0,63,0
"flat-z","1","T0000138","WK","WK26","MA",0,63,0
"short","1","T0000138","WK","WK26","MA",24,63,0.380952380952381
"short-ur","1","T0000138","WK","WK26","MA",0,63,0
"step down","1","T0000138","WK","WK26","MA",0,63,0
"step up","1","T0000138","WK","WK26","MA",0,63,0
"complex","1","T0000138","WK","WK26","MA",2,63,0.0317460317460317
"short-c","1","T0000138","WK","WK26","MA",37,63,0.587301587301587
"short-dr","1","T0000138","WK","WK26","MA",0,63,0
"short-su","1","T0000138","WK","WK26","MA",0,63,0
"upward ramp","1","T0000138","WK","WK26","MA",0,63,0
"unclear","1","T0000138","WK","WK26","MA",0,63,0
"flat","2","T0000138","WK","WK26","MA",2,6,0.333333333333333
"flat-mz","2","T0000138","WK","WK26","MA",0,6,0
"flat-z","2","T0000138","WK","WK26","MA",0,6,0
"short","2","T0000138","WK","WK26","MA",3,6,0.5
"short-ur","2","T0000138","WK","WK26","MA",0,6,0
"step down","2","T0000138","WK","WK26","MA",0,6,0
"step up","2","T0000138","WK","WK26","MA",0,6,0
"complex","2","T0000138","WK","WK26","MA",0,6,0
"short-c","2","T0000138","WK","WK26","MA",1,6,0.166666666666667
"short-dr","2","T0000138","WK","WK26","MA",0,6,0
"short-su","2","T0000138","WK","WK26","MA",0,6,0
"upward ramp","2","T0000138","WK","WK26","MA",0,6,0
"unclear","2","T0000138","WK","WK26","MA",0,6,0
"flat","3","T0000138","WK","WK26","MA",1,8,0.125
"flat-mz","3","T0000138","WK","WK26","MA",0,8,0
"flat-z","3","T0000138","WK","WK26","MA",0,8,0
"short","3","T0000138","WK","WK26","MA",3,8,0.375
"short-ur","3","T0000138","WK","WK26","MA",0,8,0
"step down","3","T0000138","WK","WK26","MA",0,8,0
"step up","3","T0000138","WK","WK26","MA",0,8,0
"complex","3","T0000138","WK","WK26","MA",0,8,0
"short-c","3","T0000138","WK","WK26","MA",4,8,0.5
"short-dr","3","T0000138","WK","WK26","MA",0,8,0
"short-su","3","T0000138","WK","WK26","MA",0,8,0
"upward ramp","3","T0000138","WK","WK26","MA",0,8,0
"unclear","3","T0000138","WK","WK26","MA",0,8,0
"flat","1","T0000145","SD","SD24","MA",84,102,0.823529411764706
"flat-mz","1","T0000145","SD","SD24","MA",2,102,0.0196078431372549
"flat-z","1","T0000145","SD","SD24","MA",0,102,0
"short","1","T0000145","SD","SD24","MA",9,102,0.0882352941176471
"short-ur","1","T0000145","SD","SD24","MA",1,102,0.00980392156862745
"step down","1","T0000145","SD","SD24","MA",0,102,0
"step up","1","T0000145","SD","SD24","MA",0,102,0
"complex","1","T0000145","SD","SD24","MA",1,102,0.00980392156862745
"short-c","1","T0000145","SD","SD24","MA",2,102,0.0196078431372549
"short-dr","1","T0000145","SD","SD24","MA",1,102,0.00980392156862745
"short-su","1","T0000145","SD","SD24","MA",0,102,0
"upward ramp","1","T0000145","SD","SD24","MA",2,102,0.0196078431372549
"unclear","1","T0000145","SD","SD24","MA",0,102,0
"flat","2","T0000145","SD","SD24","MA",2,3,0.666666666666667
"flat-mz","2","T0000145","SD","SD24","MA",0,3,0
"flat-z","2","T0000145","SD","SD24","MA",0,3,0
"short","2","T0000145","SD","SD24","MA",1,3,0.333333333333333
"short-ur","2","T0000145","SD","SD24","MA",0,3,0
"step down","2","T0000145","SD","SD24","MA",0,3,0
"step up","2","T0000145","SD","SD24","MA",0,3,0
"complex","2","T0000145","SD","SD24","MA",0,3,0
"short-c","2","T0000145","SD","SD24","MA",0,3,0
"short-dr","2","T0000145","SD","SD24","MA",0,3,0
"short-su","2","T0000145","SD","SD24","MA",0,3,0
"upward ramp","2","T0000145","SD","SD24","MA",0,3,0
"unclear","2","T0000145","SD","SD24","MA",0,3,0
"flat","3","T0000145","SD","SD24","MA",4,4,1
"flat-mz","3","T0000145","SD","SD24","MA",0,4,0
"flat-z","3","T0000145","SD","SD24","MA",0,4,0
"short","3","T0000145","SD","SD24","MA",0,4,0
"short-ur","3","T0000145","SD","SD24","MA",0,4,0
"step down","3","T0000145","SD","SD24","MA",0,4,0
"step up","3","T0000145","SD","SD24","MA",0,4,0
"complex","3","T0000145","SD","SD24","MA",0,4,0
"short-c","3","T0000145","SD","SD24","MA",0,4,0
"short-dr","3","T0000145","SD","SD24","MA",0,4,0
"short-su","3","T0000145","SD","SD24","MA",0,4,0
"upward ramp","3","T0000145","SD","SD24","MA",0,4,0
"unclear","3","T0000145","SD","SD24","MA",0,4,0
"flat","1","T0000159","SD","SD25E4","MA",224,365,0.613698630136986
"flat-mz","1","T0000159","SD","SD25E4","MA",18,365,0.0493150684931507
"flat-z","1","T0000159","SD","SD25E4","MA",27,365,0.073972602739726
"short","1","T0000159","SD","SD25E4","MA",73,365,0.2
"short-ur","1","T0000159","SD","SD25E4","MA",15,365,0.0410958904109589
"step down","1","T0000159","SD","SD25E4","MA",2,365,0.00547945205479452
"step up","1","T0000159","SD","SD25E4","MA",2,365,0.00547945205479452
"complex","1","T0000159","SD","SD25E4","MA",1,365,0.00273972602739726
"short-c","1","T0000159","SD","SD25E4","MA",1,365,0.00273972602739726
"short-dr","1","T0000159","SD","SD25E4","MA",0,365,0
"short-su","1","T0000159","SD","SD25E4","MA",0,365,0
"upward ramp","1","T0000159","SD","SD25E4","MA",2,365,0.00547945205479452
"unclear","1","T0000159","SD","SD25E4","MA",0,365,0
"flat","2","T0000159","SD","SD25E4","MA",9,13,0.692307692307692
"flat-mz","2","T0000159","SD","SD25E4","MA",0,13,0
"flat-z","2","T0000159","SD","SD25E4","MA",1,13,0.0769230769230769
"short","2","T0000159","SD","SD25E4","MA",3,13,0.230769230769231
"short-ur","2","T0000159","SD","SD25E4","MA",0,13,0
"step down","2","T0000159","SD","SD25E4","MA",0,13,0
"step up","2","T0000159","SD","SD25E4","MA",0,13,0
"complex","2","T0000159","SD","SD25E4","MA",0,13,0
"short-c","2","T0000159","SD","SD25E4","MA",0,13,0
"short-dr","2","T0000159","SD","SD25E4","MA",0,13,0
"short-su","2","T0000159","SD","SD25E4","MA",0,13,0
"upward ramp","2","T0000159","SD","SD25E4","MA",0,13,0
"unclear","2","T0000159","SD","SD25E4","MA",0,13,0
"flat","3","T0000159","SD","SD25E4","MA",16,21,0.761904761904762
"flat-mz","3","T0000159","SD","SD25E4","MA",0,21,0
"flat-z","3","T0000159","SD","SD25E4","MA",0,21,0
"short","3","T0000159","SD","SD25E4","MA",5,21,0.238095238095238
"short-ur","3","T0000159","SD","SD25E4","MA",0,21,0
"step down","3","T0000159","SD","SD25E4","MA",0,21,0
"step up","3","T0000159","SD","SD25E4","MA",0,21,0
"complex","3","T0000159","SD","SD25E4","MA",0,21,0
"short-c","3","T0000159","SD","SD25E4","MA",0,21,0
"short-dr","3","T0000159","SD","SD25E4","MA",0,21,0
"short-su","3","T0000159","SD","SD25E4","MA",0,21,0
"upward ramp","3","T0000159","SD","SD25E4","MA",0,21,0
"unclear","3","T0000159","SD","SD25E4","MA",0,21,0
"flat","1","T0000161","SD","SD17E3","MA",146,189,0.772486772486772
"flat-mz","1","T0000161","SD","SD17E3","MA",4,189,0.0211640211640212
"flat-z","1","T0000161","SD","SD17E3","MA",9,189,0.0476190476190476
"short","1","T0000161","SD","SD17E3","MA",15,189,0.0793650793650794
"short-ur","1","T0000161","SD","SD17E3","MA",8,189,0.0423280423280423
"step down","1","T0000161","SD","SD17E3","MA",1,189,0.00529100529100529
"step up","1","T0000161","SD","SD17E3","MA",0,189,0
"complex","1","T0000161","SD","SD17E3","MA",4,189,0.0211640211640212
"short-c","1","T0000161","SD","SD17E3","MA",1,189,0.00529100529100529
"short-dr","1","T0000161","SD","SD17E3","MA",0,189,0
"short-su","1","T0000161","SD","SD17E3","MA",0,189,0
"upward ramp","1","T0000161","SD","SD17E3","MA",1,189,0.00529100529100529
"unclear","1","T0000161","SD","SD17E3","MA",0,189,0
"flat","2","T0000161","SD","SD17E3","MA",83,94,0.882978723404255
"flat-mz","2","T0000161","SD","SD17E3","MA",2,94,0.0212765957446809
"flat-z","2","T0000161","SD","SD17E3","MA",2,94,0.0212765957446809
"short","2","T0000161","SD","SD17E3","MA",4,94,0.0425531914893617
"short-ur","2","T0000161","SD","SD17E3","MA",1,94,0.0106382978723404
"step down","2","T0000161","SD","SD17E3","MA",1,94,0.0106382978723404
"step up","2","T0000161","SD","SD17E3","MA",1,94,0.0106382978723404
"complex","2","T0000161","SD","SD17E3","MA",0,94,0
"short-c","2","T0000161","SD","SD17E3","MA",0,94,0
"short-dr","2","T0000161","SD","SD17E3","MA",0,94,0
"short-su","2","T0000161","SD","SD17E3","MA",0,94,0
"upward ramp","2","T0000161","SD","SD17E3","MA",0,94,0
"unclear","2","T0000161","SD","SD17E3","MA",0,94,0
"flat","3","T0000161","SD","SD17E3","MA",56,88,0.636363636363636
"flat-mz","3","T0000161","SD","SD17E3","MA",3,88,0.0340909090909091
"flat-z","3","T0000161","SD","SD17E3","MA",4,88,0.0454545454545455
"short","3","T0000161","SD","SD17E3","MA",12,88,0.136363636363636
"short-ur","3","T0000161","SD","SD17E3","MA",2,88,0.0227272727272727
"step down","3","T0000161","SD","SD17E3","MA",0,88,0
"step up","3","T0000161","SD","SD17E3","MA",3,88,0.0340909090909091
"complex","3","T0000161","SD","SD17E3","MA",4,88,0.0454545454545455
"short-c","3","T0000161","SD","SD17E3","MA",1,88,0.0113636363636364
"short-dr","3","T0000161","SD","SD17E3","MA",2,88,0.0227272727272727
"short-su","3","T0000161","SD","SD17E3","MA",0,88,0
"upward ramp","3","T0000161","SD","SD17E3","MA",1,88,0.0113636363636364
"unclear","3","T0000161","SD","SD17E3","MA",0,88,0
"flat","1","T0000199","WK","WK29E2","MA",12,12,1
"flat-mz","1","T0000199","WK","WK29E2","MA",0,12,0
"flat-z","1","T0000199","WK","WK29E2","MA",0,12,0
"short","1","T0000199","WK","WK29E2","MA",0,12,0
"short-ur","1","T0000199","WK","WK29E2","MA",0,12,0
"step down","1","T0000199","WK","WK29E2","MA",0,12,0
"step up","1","T0000199","WK","WK29E2","MA",0,12,0
"complex","1","T0000199","WK","WK29E2","MA",0,12,0
"short-c","1","T0000199","WK","WK29E2","MA",0,12,0
"short-dr","1","T0000199","WK","WK29E2","MA",0,12,0
"short-su","1","T0000199","WK","WK29E2","MA",0,12,0
"upward ramp","1","T0000199","WK","WK29E2","MA",0,12,0
"unclear","1","T0000199","WK","WK29E2","MA",0,12,0
"flat","2","T0000199","WK","WK29E2","MA",2,2,1
"flat-mz","2","T0000199","WK","WK29E2","MA",0,2,0
"flat-z","2","T0000199","WK","WK29E2","MA",0,2,0
"short","2","T0000199","WK","WK29E2","MA",0,2,0
"short-ur","2","T0000199","WK","WK29E2","MA",0,2,0
"step down","2","T0000199","WK","WK29E2","MA",0,2,0
"step up","2","T0000199","WK","WK29E2","MA",0,2,0
"complex","2","T0000199","WK","WK29E2","MA",0,2,0
"short-c","2","T0000199","WK","WK29E2","MA",0,2,0
"short-dr","2","T0000199","WK","WK29E2","MA",0,2,0
"short-su","2","T0000199","WK","WK29E2","MA",0,2,0
"upward ramp","2","T0000199","WK","WK29E2","MA",0,2,0
"unclear","2","T0000199","WK","WK29E2","MA",0,2,0
"flat","3","T0000199","WK","WK29E2","MA",1,4,0.25
"flat-mz","3","T0000199","WK","WK29E2","MA",0,4,0
"flat-z","3","T0000199","WK","WK29E2","MA",0,4,0
"short","3","T0000199","WK","WK29E2","MA",2,4,0.5
"short-ur","3","T0000199","WK","WK29E2","MA",0,4,0
"step down","3","T0000199","WK","WK29E2","MA",0,4,0
"step up","3","T0000199","WK","WK29E2","MA",0,4,0
"complex","3","T0000199","WK","WK29E2","MA",0,4,0
"short-c","3","T0000199","WK","WK29E2","MA",1,4,0.25
"short-dr","3","T0000199","WK","WK29E2","MA",0,4,0
"short-su","3","T0000199","WK","WK29E2","MA",0,4,0
"upward ramp","3","T0000199","WK","WK29E2","MA",0,4,0
"unclear","3","T0000199","WK","WK29E2","MA",0,4,0
"flat","1","T0000201","SD","SD31E5","MA",43,55,0.781818181818182
"flat-mz","1","T0000201","SD","SD31E5","MA",1,55,0.0181818181818182
"flat-z","1","T0000201","SD","SD31E5","MA",3,55,0.0545454545454545
"short","1","T0000201","SD","SD31E5","MA",6,55,0.109090909090909
"short-ur","1","T0000201","SD","SD31E5","MA",1,55,0.0181818181818182
"step down","1","T0000201","SD","SD31E5","MA",0,55,0
"step up","1","T0000201","SD","SD31E5","MA",0,55,0
"complex","1","T0000201","SD","SD31E5","MA",0,55,0
"short-c","1","T0000201","SD","SD31E5","MA",1,55,0.0181818181818182
"short-dr","1","T0000201","SD","SD31E5","MA",0,55,0
"short-su","1","T0000201","SD","SD31E5","MA",0,55,0
"upward ramp","1","T0000201","SD","SD31E5","MA",0,55,0
"unclear","1","T0000201","SD","SD31E5","MA",0,55,0
"flat","2","T0000201","SD","SD31E5","MA",1,2,0.5
"flat-mz","2","T0000201","SD","SD31E5","MA",0,2,0
"flat-z","2","T0000201","SD","SD31E5","MA",0,2,0
"short","2","T0000201","SD","SD31E5","MA",0,2,0
"short-ur","2","T0000201","SD","SD31E5","MA",0,2,0
"step down","2","T0000201","SD","SD31E5","MA",0,2,0
"step up","2","T0000201","SD","SD31E5","MA",0,2,0
"complex","2","T0000201","SD","SD31E5","MA",0,2,0
"short-c","2","T0000201","SD","SD31E5","MA",1,2,0.5
"short-dr","2","T0000201","SD","SD31E5","MA",0,2,0
"short-su","2","T0000201","SD","SD31E5","MA",0,2,0
"upward ramp","2","T0000201","SD","SD31E5","MA",0,2,0
"unclear","2","T0000201","SD","SD31E5","MA",0,2,0
"flat","3","T0000201","SD","SD31E5","MA",34,61,0.557377049180328
"flat-mz","3","T0000201","SD","SD31E5","MA",1,61,0.0163934426229508
"flat-z","3","T0000201","SD","SD31E5","MA",3,61,0.0491803278688525
"short","3","T0000201","SD","SD31E5","MA",12,61,0.19672131147541
"short-ur","3","T0000201","SD","SD31E5","MA",2,61,0.0327868852459016
"step down","3","T0000201","SD","SD31E5","MA",0,61,0
"step up","3","T0000201","SD","SD31E5","MA",0,61,0
"complex","3","T0000201","SD","SD31E5","MA",1,61,0.0163934426229508
"short-c","3","T0000201","SD","SD31E5","MA",5,61,0.0819672131147541
"short-dr","3","T0000201","SD","SD31E5","MA",1,61,0.0163934426229508
"short-su","3","T0000201","SD","SD31E5","MA",0,61,0
"upward ramp","3","T0000201","SD","SD31E5","MA",1,61,0.0163934426229508
"unclear","3","T0000201","SD","SD31E5","MA",1,61,0.0163934426229508
"flat","1","T0000203","WK","WK34G1","MA",4,10,0.4
"flat-mz","1","T0000203","WK","WK34G1","MA",0,10,0
"flat-z","1","T0000203","WK","WK34G1","MA",0,10,0
"short","1","T0000203","WK","WK34G1","MA",1,10,0.1
"short-ur","1","T0000203","WK","WK34G1","MA",0,10,0
"step down","1","T0000203","WK","WK34G1","MA",0,10,0
"step up","1","T0000203","WK","WK34G1","MA",0,10,0
"complex","1","T0000203","WK","WK34G1","MA",0,10,0
"short-c","1","T0000203","WK","WK34G1","MA",5,10,0.5
"short-dr","1","T0000203","WK","WK34G1","MA",0,10,0
"short-su","1","T0000203","WK","WK34G1","MA",0,10,0
"upward ramp","1","T0000203","WK","WK34G1","MA",0,10,0
"unclear","1","T0000203","WK","WK34G1","MA",0,10,0
"flat","2","T0000203","WK","WK34G1","MA",4,10,0.4
"flat-mz","2","T0000203","WK","WK34G1","MA",0,10,0
"flat-z","2","T0000203","WK","WK34G1","MA",1,10,0.1
"short","2","T0000203","WK","WK34G1","MA",1,10,0.1
"short-ur","2","T0000203","WK","WK34G1","MA",0,10,0
"step down","2","T0000203","WK","WK34G1","MA",0,10,0
"step up","2","T0000203","WK","WK34G1","MA",1,10,0.1
"complex","2","T0000203","WK","WK34G1","MA",0,10,0
"short-c","2","T0000203","WK","WK34G1","MA",2,10,0.2
"short-dr","2","T0000203","WK","WK34G1","MA",0,10,0
"short-su","2","T0000203","WK","WK34G1","MA",0,10,0
"upward ramp","2","T0000203","WK","WK34G1","MA",1,10,0.1
"unclear","2","T0000203","WK","WK34G1","MA",0,10,0
"flat","3","T0000203","WK","WK34G1","MA",7,20,0.35
"flat-mz","3","T0000203","WK","WK34G1","MA",0,20,0
"flat-z","3","T0000203","WK","WK34G1","MA",0,20,0
"short","3","T0000203","WK","WK34G1","MA",4,20,0.2
"short-ur","3","T0000203","WK","WK34G1","MA",4,20,0.2
"step down","3","T0000203","WK","WK34G1","MA",0,20,0
"step up","3","T0000203","WK","WK34G1","MA",1,20,0.05
"complex","3","T0000203","WK","WK34G1","MA",0,20,0
"short-c","3","T0000203","WK","WK34G1","MA",2,20,0.1
"short-dr","3","T0000203","WK","WK34G1","MA",1,20,0.05
"short-su","3","T0000203","WK","WK34G1","MA",0,20,0
"upward ramp","3","T0000203","WK","WK34G1","MA",1,20,0.05
"unclear","3","T0000203","WK","WK34G1","MA",0,20,0
"flat","1","T0000233","WK","WK77","MA",0,214,0
"flat-mz","1","T0000233","WK","WK77","MA",0,214,0
"flat-z","1","T0000233","WK","WK77","MA",0,214,0
"short","1","T0000233","WK","WK77","MA",87,214,0.406542056074766
"short-ur","1","T0000233","WK","WK77","MA",72,214,0.336448598130841
"step down","1","T0000233","WK","WK77","MA",0,214,0
"step up","1","T0000233","WK","WK77","MA",0,214,0
"complex","1","T0000233","WK","WK77","MA",2,214,0.00934579439252336
"short-c","1","T0000233","WK","WK77","MA",53,214,0.247663551401869
"short-dr","1","T0000233","WK","WK77","MA",0,214,0
"short-su","1","T0000233","WK","WK77","MA",0,214,0
"upward ramp","1","T0000233","WK","WK77","MA",0,214,0
"unclear","1","T0000233","WK","WK77","MA",0,214,0
"flat","2","T0000233","WK","WK77","MA",1,4,0.25
"flat-mz","2","T0000233","WK","WK77","MA",0,4,0
"flat-z","2","T0000233","WK","WK77","MA",0,4,0
"short","2","T0000233","WK","WK77","MA",2,4,0.5
"short-ur","2","T0000233","WK","WK77","MA",0,4,0
"step down","2","T0000233","WK","WK77","MA",0,4,0
"step up","2","T0000233","WK","WK77","MA",0,4,0
"complex","2","T0000233","WK","WK77","MA",0,4,0
"short-c","2","T0000233","WK","WK77","MA",1,4,0.25
"short-dr","2","T0000233","WK","WK77","MA",0,4,0
"short-su","2","T0000233","WK","WK77","MA",0,4,0
"upward ramp","2","T0000233","WK","WK77","MA",0,4,0
"unclear","2","T0000233","WK","WK77","MA",0,4,0
"flat","3","T0000233","WK","WK77","MA",11,16,0.6875
"flat-mz","3","T0000233","WK","WK77","MA",1,16,0.0625
"flat-z","3","T0000233","WK","WK77","MA",0,16,0
"short","3","T0000233","WK","WK77","MA",2,16,0.125
"short-ur","3","T0000233","WK","WK77","MA",1,16,0.0625
"step down","3","T0000233","WK","WK77","MA",0,16,0
"step up","3","T0000233","WK","WK77","MA",0,16,0
"complex","3","T0000233","WK","WK77","MA",1,16,0.0625
"short-c","3","T0000233","WK","WK77","MA",0,16,0
"short-dr","3","T0000233","WK","WK77","MA",0,16,0
"short-su","3","T0000233","WK","WK77","MA",0,16,0
"upward ramp","3","T0000233","WK","WK77","MA",0,16,0
"unclear","3","T0000233","WK","WK77","MA",0,16,0
"flat","1","T0000251","SD","SD76","MA",24,65,0.369230769230769
"flat-mz","1","T0000251","SD","SD76","MA",1,65,0.0153846153846154
"flat-z","1","T0000251","SD","SD76","MA",1,65,0.0153846153846154
"short","1","T0000251","SD","SD76","MA",25,65,0.384615384615385
"short-ur","1","T0000251","SD","SD76","MA",8,65,0.123076923076923
"step down","1","T0000251","SD","SD76","MA",0,65,0
"step up","1","T0000251","SD","SD76","MA",1,65,0.0153846153846154
"complex","1","T0000251","SD","SD76","MA",0,65,0
"short-c","1","T0000251","SD","SD76","MA",4,65,0.0615384615384615
"short-dr","1","T0000251","SD","SD76","MA",1,65,0.0153846153846154
"short-su","1","T0000251","SD","SD76","MA",0,65,0
"upward ramp","1","T0000251","SD","SD76","MA",0,65,0
"unclear","1","T0000251","SD","SD76","MA",0,65,0
"flat","2","T0000251","SD","SD76","MA",4,14,0.285714285714286
"flat-mz","2","T0000251","SD","SD76","MA",0,14,0
"flat-z","2","T0000251","SD","SD76","MA",1,14,0.0714285714285714
"short","2","T0000251","SD","SD76","MA",4,14,0.285714285714286
"short-ur","2","T0000251","SD","SD76","MA",3,14,0.214285714285714
"step down","2","T0000251","SD","SD76","MA",1,14,0.0714285714285714
"step up","2","T0000251","SD","SD76","MA",0,14,0
"complex","2","T0000251","SD","SD76","MA",0,14,0
"short-c","2","T0000251","SD","SD76","MA",1,14,0.0714285714285714
"short-dr","2","T0000251","SD","SD76","MA",0,14,0
"short-su","2","T0000251","SD","SD76","MA",0,14,0
"upward ramp","2","T0000251","SD","SD76","MA",0,14,0
"unclear","2","T0000251","SD","SD76","MA",0,14,0
"flat","3","T0000251","SD","SD76","MA",15,43,0.348837209302326
"flat-mz","3","T0000251","SD","SD76","MA",1,43,0.0232558139534884
"flat-z","3","T0000251","SD","SD76","MA",4,43,0.0930232558139535
"short","3","T0000251","SD","SD76","MA",0,43,0
"short-ur","3","T0000251","SD","SD76","MA",12,43,0.27906976744186
"step down","3","T0000251","SD","SD76","MA",0,43,0
"step up","3","T0000251","SD","SD76","MA",0,43,0
"complex","3","T0000251","SD","SD76","MA",0,43,0
"short-c","3","T0000251","SD","SD76","MA",1,43,0.0232558139534884
"short-dr","3","T0000251","SD","SD76","MA",7,43,0.162790697674419
"short-su","3","T0000251","SD","SD76","MA",0,43,0
"upward ramp","3","T0000251","SD","SD76","MA",1,43,0.0232558139534884
"unclear","3","T0000251","SD","SD76","MA",2,43,0.0465116279069767
"flat","1","T0000260","SD","SD78","MA",16,30,0.533333333333333
"flat-mz","1","T0000260","SD","SD78","MA",0,30,0
"flat-z","1","T0000260","SD","SD78","MA",0,30,0
"short","1","T0000260","SD","SD78","MA",8,30,0.266666666666667
"short-ur","1","T0000260","SD","SD78","MA",3,30,0.1
"step down","1","T0000260","SD","SD78","MA",0,30,0
"step up","1","T0000260","SD","SD78","MA",0,30,0
"complex","1","T0000260","SD","SD78","MA",0,30,0
"short-c","1","T0000260","SD","SD78","MA",2,30,0.0666666666666667
"short-dr","1","T0000260","SD","SD78","MA",1,30,0.0333333333333333
"short-su","1","T0000260","SD","SD78","MA",0,30,0
"upward ramp","1","T0000260","SD","SD78","MA",0,30,0
"unclear","1","T0000260","SD","SD78","MA",0,30,0
"flat","2","T0000260","SD","SD78","MA",50,92,0.543478260869565
"flat-mz","2","T0000260","SD","SD78","MA",1,92,0.0108695652173913
"flat-z","2","T0000260","SD","SD78","MA",0,92,0
"short","2","T0000260","SD","SD78","MA",23,92,0.25
"short-ur","2","T0000260","SD","SD78","MA",0,92,0
"step down","2","T0000260","SD","SD78","MA",12,92,0.130434782608696
"step up","2","T0000260","SD","SD78","MA",2,92,0.0217391304347826
"complex","2","T0000260","SD","SD78","MA",0,92,0
"short-c","2","T0000260","SD","SD78","MA",1,92,0.0108695652173913
"short-dr","2","T0000260","SD","SD78","MA",1,92,0.0108695652173913
"short-su","2","T0000260","SD","SD78","MA",0,92,0
"upward ramp","2","T0000260","SD","SD78","MA",2,92,0.0217391304347826
"unclear","2","T0000260","SD","SD78","MA",0,92,0
"flat","3","T0000260","SD","SD78","MA",46,56,0.821428571428571
"flat-mz","3","T0000260","SD","SD78","MA",0,56,0
"flat-z","3","T0000260","SD","SD78","MA",0,56,0
"short","3","T0000260","SD","SD78","MA",3,56,0.0535714285714286
"short-ur","3","T0000260","SD","SD78","MA",3,56,0.0535714285714286
"step down","3","T0000260","SD","SD78","MA",1,56,0.0178571428571429
"step up","3","T0000260","SD","SD78","MA",0,56,0
"complex","3","T0000260","SD","SD78","MA",0,56,0
"short-c","3","T0000260","SD","SD78","MA",2,56,0.0357142857142857
"short-dr","3","T0000260","SD","SD78","MA",1,56,0.0178571428571429
"short-su","3","T0000260","SD","SD78","MA",0,56,0
"upward ramp","3","T0000260","SD","SD78","MA",0,56,0
"unclear","3","T0000260","SD","SD78","MA",0,56,0
"flat","1","T0000308","WK","WK95","MA",2,144,0.0138888888888889
"flat-mz","1","T0000308","WK","WK95","MA",0,144,0
"flat-z","1","T0000308","WK","WK95","MA",1,144,0.00694444444444444
"short","1","T0000308","WK","WK95","MA",56,144,0.388888888888889
"short-ur","1","T0000308","WK","WK95","MA",70,144,0.486111111111111
"step down","1","T0000308","WK","WK95","MA",0,144,0
"step up","1","T0000308","WK","WK95","MA",0,144,0
"complex","1","T0000308","WK","WK95","MA",1,144,0.00694444444444444
"short-c","1","T0000308","WK","WK95","MA",8,144,0.0555555555555556
"short-dr","1","T0000308","WK","WK95","MA",3,144,0.0208333333333333
"short-su","1","T0000308","WK","WK95","MA",0,144,0
"upward ramp","1","T0000308","WK","WK95","MA",3,144,0.0208333333333333
"unclear","1","T0000308","WK","WK95","MA",0,144,0
"flat","2","T0000308","WK","WK95","MA",2,16,0.125
"flat-mz","2","T0000308","WK","WK95","MA",0,16,0
"flat-z","2","T0000308","WK","WK95","MA",0,16,0
"short","2","T0000308","WK","WK95","MA",12,16,0.75
"short-ur","2","T0000308","WK","WK95","MA",2,16,0.125
"step down","2","T0000308","WK","WK95","MA",0,16,0
"step up","2","T0000308","WK","WK95","MA",0,16,0
"complex","2","T0000308","WK","WK95","MA",0,16,0
"short-c","2","T0000308","WK","WK95","MA",0,16,0
"short-dr","2","T0000308","WK","WK95","MA",0,16,0
"short-su","2","T0000308","WK","WK95","MA",0,16,0
"upward ramp","2","T0000308","WK","WK95","MA",0,16,0
"unclear","2","T0000308","WK","WK95","MA",0,16,0
"flat","3","T0000308","WK","WK95","MA",1,13,0.0769230769230769
"flat-mz","3","T0000308","WK","WK95","MA",0,13,0
"flat-z","3","T0000308","WK","WK95","MA",0,13,0
"short","3","T0000308","WK","WK95","MA",9,13,0.692307692307692
"short-ur","3","T0000308","WK","WK95","MA",0,13,0
"step down","3","T0000308","WK","WK95","MA",0,13,0
"step up","3","T0000308","WK","WK95","MA",0,13,0
"complex","3","T0000308","WK","WK95","MA",1,13,0.0769230769230769
"short-c","3","T0000308","WK","WK95","MA",2,13,0.153846153846154
"short-dr","3","T0000308","WK","WK95","MA",0,13,0
"short-su","3","T0000308","WK","WK95","MA",0,13,0
"upward ramp","3","T0000308","WK","WK95","MA",0,13,0
"unclear","3","T0000308","WK","WK95","MA",0,13,0
